Clone	chlorophyll_pos	YFP_pos	Mean_YFP_pos	Technical_replicate	Construct
Sh ble_plate1	90.8	0.00895	1.12	TechRep_1	EV
YFP_Cys_1	67	61.4	4.39	TechRep_1	PtCys_YFP
YFP_Cys_2	27.7	66.7	5.85	TechRep_1	PtCys_YFP
YFP_Cys_3	79.5	41.8	3.55	TechRep_1	PtCys_YFP
YFP_Cys_4	46.3	55.3	4.74	TechRep_1	PtCys_YFP
YFP_Cys_5	10.7	65.4	4.97	TechRep_1	PtCys_YFP
YFP_Cys_6	76.4	0	n/a	TechRep_1	PtCys_YFP
YFP_Cys_7	66.7	54.3	4.84	TechRep_1	PtCys_YFP
YFP_Cys_8	2.42	20	1.06	TechRep_1	PtCys_YFP
YFP_Cys_9	72.2	69	5.88	TechRep_1	PtCys_YFP
YFP_Cys_10	17.6	73.1	4.41	TechRep_1	PtCys_YFP
YFP_Cys_11	81.1	73.6	4.62	TechRep_1	PtCys_YFP
YFP_Cys_12	59.6	69.3	5	TechRep_1	PtCys_YFP
YFP_Cys_13	46.8	66	6.48	TechRep_1	PtCys_YFP
YFP_Cys_14	76.5	71.9	4.72	TechRep_1	PtCys_YFP
YFP_Cys_15	52.6	56.5	4.92	TechRep_1	PtCys_YFP
YFP_Cys_16	46.3	0	n/a	TechRep_1	PtCys_YFP
YFP_Cys_17	73.3	63.2	4.15	TechRep_1	PtCys_YFP
YFP_Cys_18	31.4	32.7	4.65	TechRep_1	PtCys_YFP
YFP_Cys_19	38.7	67.4	6.24	TechRep_1	PtCys_YFP
YFP_Cys_20	87.5	56.1	3.02	TechRep_1	PtCys_YFP
YFP_Cys_21	71.4	48.4	3.87	TechRep_1	PtCys_YFP
YFP_Cys_22	67.8	0.059	1.89	TechRep_1	PtCys_YFP
YFP_Cys_23	83.6	67.2	4.73	TechRep_1	PtCys_YFP
YFP_Cys_24	7.92	0.04	1	TechRep_1	PtCys_YFP
YFP_Cys_25	70.6	51.3	4.47	TechRep_1	PtCys_YFP
YFP_Cys_26	34.6	60.6	5.03	TechRep_1	PtCys_YFP
YFP_Cys_27	86.8	6.22	1.25	TechRep_1	PtCys_YFP
YFP_Cys_28	81.7	62.6	4.26	TechRep_1	PtCys_YFP
YFP_Cys_29	69.1	0.05	3.48	TechRep_1	PtCys_YFP
YFP_Cys_30	71.9	71.1	6.58	TechRep_1	PtCys_YFP
YFP_Cys_31	65	68	4.93	TechRep_1	PtCys_YFP
YFP_Cys_32	60.2	65.1	4.55	TechRep_1	PtCys_YFP
YFP_Cys_33	75.5	60.2	3.73	TechRep_1	PtCys_YFP
YFP_Cys_34	58.9	0	n/a	TechRep_1	PtCys_YFP
YFP_Cys_35	75.3	61.2	4.01	TechRep_1	PtCys_YFP
YFP_Cys_36	0.82	0	n/a	TechRep_1	PtCys_YFP
YFP_Cys_37	75.8	66.1	4.99	TechRep_1	PtCys_YFP
YFP_Cys_38	70.7	57	5.85	TechRep_1	PtCys_YFP
YFP_Cys_39	71.9	20.2	3.1	TechRep_1	PtCys_YFP
YFP_Cys_40	54.2	59.7	6.77	TechRep_1	PtCys_YFP
YFP_Cys_41	85	64.6	4.47	TechRep_1	PtCys_YFP
YFP_Cys_42	71	70.1	7.22	TechRep_1	PtCys_YFP
YFP_Cys_43	12.1	62.7	7	TechRep_1	PtCys_YFP
YFP_Cys_44	81.3	32.6	5.39	TechRep_1	PtCys_YFP
YFP_Cys_45	74.9	65.2	8.23	TechRep_1	PtCys_YFP
YFP_Cys_46	84.4	63	4.39	TechRep_1	PtCys_YFP
YFP_Cys_47	2.7	14.3	0.8	TechRep_1	PtCys_YFP
YFP_Cys_48	60.4	21.2	2.89	TechRep_1	PtCys_YFP
YFP_Cys_49	72.2	72.4	5.69	TechRep_1	PtCys_YFP
YFP_Cys_50	8.23	7.69	1.36	TechRep_1	PtCys_YFP
YFP_Cys_51	88.1	62.9	4.52	TechRep_1	PtCys_YFP
YFP_Cys_52	90.5	69.5	3.19	TechRep_1	PtCys_YFP
YFP_Cys_53	85.8	58.2	3.98	TechRep_1	PtCys_YFP
YFP_Cys_54	71.4	55.7	3.9	TechRep_1	PtCys_YFP
YFP_Cys_56	90.6	65.8	5.08	TechRep_1	PtCys_YFP
YFP_Cys_55	25.5	25	2.4	TechRep_1	PtCys_YFP
YFP_Cys_57	69.6	0	n/a	TechRep_1	PtCys_YFP
YFP_Cys_58	3.33	27.4	2.05	TechRep_1	PtCys_YFP
YFP_Cys_59	79.8	46.7	3.04	TechRep_1	PtCys_YFP
YFP_Cys_60	1.93	14.3	1.87	TechRep_1	PtCys_YFP
YFP_Cys_61	85.3	59.9	4.13	TechRep_1	PtCys_YFP
YFP_Cys_62	35.8	56.4	3.93	TechRep_1	PtCys_YFP
YFP_Cys_63	61.5	63.4	4.84	TechRep_1	PtCys_YFP
YFP_Cys_64	64.9	59.8	4.28	TechRep_1	PtCys_YFP
YFP_Cys_65	72.4	56.8	4.2	TechRep_1	PtCys_YFP
YFP_Cys_66	3.59	24.6	1.95	TechRep_1	PtCys_YFP
YFP_Cys_67	13.1	51.9	3.79	TechRep_1	PtCys_YFP
YFP_Cys_68	29.5	69.6	6.12	TechRep_1	PtCys_YFP
YFP_Cys_69	38.8	0.058	1.36	TechRep_1	PtCys_YFP
YFP_Cys_70	66.8	53.5	4.27	TechRep_1	PtCys_YFP
YFP_Cys_71	41.8	55.3	3.72	TechRep_1	PtCys_YFP
YFP_Cys_72	53.9	48.7	3.75	TechRep_1	PtCys_YFP
Sh ble_plate2	90.3	0.017	0.74	TechRep_1	EV
YFP_1	71	0.17	0.59	TechRep_1	YFP
YFP_2	34.8	42.8	3.57	TechRep_1	YFP
YFP_3	26.3	60	6.19	TechRep_1	YFP
YFP_4	0	0	n/a	TechRep_1	YFP
YFP_5	2.56	53.2	3.75	TechRep_1	YFP
YFP_6	4.83	57.1	3.46	TechRep_1	YFP
YFP_7	0.2	58.6	5.16	TechRep_1	YFP
YFP_8	52.8	0.37	0.4	TechRep_1	YFP
YFP_9	8.64	66.7	6	TechRep_1	YFP
YFP_10	0	0	n/a	TechRep_1	YFP
YFP_11	39	52.8	3.4	TechRep_1	YFP
YFP_12	70.6	40.3	4.08	TechRep_1	YFP
YFP_13	68.7	50.3	3.72	TechRep_1	YFP
YFP_14	38.7	52.7	3.47	TechRep_1	YFP
YFP_15	80.5	58.7	3.78	TechRep_1	YFP
YFP_16	41.9	40.6	3.9	TechRep_1	YFP
YFP_17	64.7	44.5	4.07	TechRep_1	YFP
YFP_18	30.5	65.1	4.87	TechRep_1	YFP
YFP_19	46.2	62.8	6.33	TechRep_1	YFP
YFP_20	41.6	53	3.77	TechRep_1	YFP
YFP_21	13.4	51.6	6.59	TechRep_1	YFP
YFP_22	76.2	57.7	5.72	TechRep_1	YFP
YFP_23	29.5	62.3	6.52	TechRep_1	YFP
YFP_24	52.5	56.7	4.78	TechRep_1	YFP
YFP_25	9.65	64.1	5.96	TechRep_1	YFP
YFP_26	91.2	49.3	4.07	TechRep_1	YFP
YFP_27	68	50.2	4.22	TechRep_1	YFP
YFP_28	8.52	49.2	5.35	TechRep_1	YFP
YFP_29	23.6	34.6	3.98	TechRep_1	YFP
YFP_30	30.7	49.7	4.82	TechRep_1	YFP
YFP_31	65.6	48.9	5.45	TechRep_1	YFP
YFP_32	94.8	4.15	2.04	TechRep_1	YFP
YFP_33	2.82	0	n/a	TechRep_1	YFP
YFP_34	93.2	45.2	5.42	TechRep_1	YFP
YFP_35	90.5	50.2	5.63	TechRep_1	YFP
YFP_36	73.2	13.9	3.25	TechRep_1	YFP
YFP_37	35.3	45.9	5.22	TechRep_1	YFP
YFP_38	92	34.2	3.93	TechRep_1	YFP
YFP_39	52.6	36.3	5.03	TechRep_1	YFP
YFP_40	49.1	0	n/a	TechRep_1	YFP
YFP_41	5.02	0	n/a	TechRep_1	YFP
YFP_42	0.22	55.8	8.7	TechRep_1	YFP
YFP_43	0.32	55.6	5.97	TechRep_1	YFP
YFP_44	81.8	58.6	5.65	TechRep_1	YFP
YFP_45	11.1	36	7.69	TechRep_1	YFP
YFP_47	83.6	38.7	5.34	TechRep_1	YFP
YFP_46	3.57	0	n/a	TechRep_1	YFP
YFP_48	16	28.3	2.83	TechRep_1	YFP
YFP_49	0.82	28.6	3.69	TechRep_1	YFP
YFP_50	56.7	34.1	5.2	TechRep_1	YFP
YFP_51	1.21	45.8	9.64	TechRep_1	YFP
YFP_52	61.7	0	n/a	TechRep_1	YFP
YFP_53	80.1	44.5	4.8	TechRep_1	YFP
YFP_54	28.3	1.45	5.46	TechRep_1	YFP
YFP_55	72.3	0	n/a	TechRep_1	YFP
YFP_56	12.9	49.3	6.87	TechRep_1	YFP
YFP_57	29.8	48.5	8.63	TechRep_1	YFP
YFP_58	75.9	47.4	6.45	TechRep_1	YFP
YFP_59	1.35	26.3	4.2	TechRep_1	YFP
YFP_60	10.4	36.6	3.98	TechRep_1	YFP
YFP_61	53.7	51	6.02	TechRep_1	YFP
YFP_62	82.5	48.4	5.35	TechRep_1	YFP
YFP_63	92.6	30.8	4.12	TechRep_1	YFP
YFP_64	93.7	45.9	5.03	TechRep_1	YFP
YFP_65	72.5	67	7.03	TechRep_1	YFP
YFP_66	80.8	46.6	4.5	TechRep_1	YFP
YFP_67	53.7	57.6	5.67	TechRep_1	YFP
YFP_68	64.5	0.31	2.5	TechRep_1	YFP
YFP_69	32.3	36.8	4.73	TechRep_1	YFP
YFP_70	45.9	56.3	6.25	TechRep_1	YFP
YFP_71	77	52.6	5.42	TechRep_1	YFP
YFP_72	29.4	46.9	4.8	TechRep_1	YFP
Sh ble_plate1	86.9	0.098	1.35	TechRep_2	EV
YFP_Cys_1	3.88	31	4.59	TechRep_2	PtCys_YFP
YFP_Cys_2	1.56	53.2	4.04	TechRep_2	PtCys_YFP
YFP_Cys_3	55.9	38.1	3.94	TechRep_2	PtCys_YFP
YFP_Cys_4	0.5	65	5.88	TechRep_2	PtCys_YFP
YFP_Cys_5	31.8	60.8	3.76	TechRep_2	PtCys_YFP
YFP_Cys_6	19.6	52.7	4.1	TechRep_2	PtCys_YFP
YFP_Cys_7	2.11	59.1	3.8	TechRep_2	PtCys_YFP
YFP_Cys_8	77.3	48.3	4.23	TechRep_2	PtCys_YFP
YFP_Cys_9	0.78	56.2	2.79	TechRep_2	PtCys_YFP
YFP_Cys_10	5.22	65.9	4	TechRep_2	PtCys_YFP
YFP_Cys_11	47.5	56.6	3.78	TechRep_2	PtCys_YFP
YFP_Cys_12	35	30.3	4.31	TechRep_2	PtCys_YFP
YFP_Cys_13	91.2	64.2	5.61	TechRep_2	PtCys_YFP
YFP_Cys_14	22.8	55.4	4.31	TechRep_2	PtCys_YFP
YFP_Cys_15	27.6	58.5	4.42	TechRep_2	PtCys_YFP
YFP_Cys_16	4.06	9.09	2.39	TechRep_2	PtCys_YFP
YFP_Cys_17	33.9	54.7	3.82	TechRep_2	PtCys_YFP
YFP_Cys_18	18.9	10.1	2.92	TechRep_2	PtCys_YFP
YFP_Cys_19	1.32	37	4.07	TechRep_2	PtCys_YFP
YFP_Cys_20	18.1	31.7	2.29	TechRep_2	PtCys_YFP
YFP_Cys_21	10.4	45.8	4.11	TechRep_2	PtCys_YFP
YFP_Cys_22	9.57	0	n/a	TechRep_2	PtCys_YFP
YFP_Cys_23	0	0	n/a	TechRep_2	PtCys_YFP
YFP_Cys_24	0.03	0	n/a	TechRep_2	PtCys_YFP
YFP_Cys_25	78.1	51.8	4.52	TechRep_2	PtCys_YFP
YFP_Cys_26	0.57	58.7	4.58	TechRep_2	PtCys_YFP
YFP_Cys_27	29.6	0.85	0.54	TechRep_2	PtCys_YFP
YFP_Cys_28	31.7	56.2	5.37	TechRep_2	PtCys_YFP
YFP_Cys_29	31.1	0	n/a	TechRep_2	PtCys_YFP
YFP_Cys_30	31.2	54.7	5.93	TechRep_2	PtCys_YFP
YFP_Cys_31	90.1	68.5	5.64	TechRep_2	PtCys_YFP
YFP_Cys_32	3.4	61.8	4	TechRep_2	PtCys_YFP
YFP_Cys_33	1.42	61.9	4	TechRep_2	PtCys_YFP
YFP_Cys_34	48.6	0	n/a	TechRep_2	PtCys_YFP
YFP_Cys_35	0	0	n/a	TechRep_2	PtCys_YFP
YFP_Cys_36	5.25	41.2	2.94	TechRep_2	PtCys_YFP
YFP_Cys_37	0.042	0	n/a	TechRep_2	PtCys_YFP
YFP_Cys_38	2.22	25	7.31	TechRep_2	PtCys_YFP
YFP_Cys_39	76.5	22.4	2.75	TechRep_2	PtCys_YFP
YFP_Cys_40	56.4	29.2	3.4	TechRep_2	PtCys_YFP
YFP_Cys_41	75.3	56.9	4.03	TechRep_2	PtCys_YFP
YFP_Cys_42	38.8	24.4	4.03	TechRep_2	PtCys_YFP
YFP_Cys_43	0.58	42.5	4.21	TechRep_2	PtCys_YFP
YFP_Cys_44	50.9	0.23	3.69	TechRep_2	PtCys_YFP
YFP_Cys_45	0	0	n/a	TechRep_2	PtCys_YFP
YFP_Cys_46	36.7	36.9	2.25	TechRep_2	PtCys_YFP
YFP_Cys_47	26.8	18.3	2.18	TechRep_2	PtCys_YFP
YFP_Cys_48	0.045	30	3.04	TechRep_2	PtCys_YFP
YFP_Cys_49	22.6	63.4	4	TechRep_2	PtCys_YFP
YFP_Cys_50	2.38	37.7	1.91	TechRep_2	PtCys_YFP
YFP_Cys_51	2.31	35.4	3.15	TechRep_2	PtCys_YFP
YFP_Cys_52	39.1	52.5	2.89	TechRep_2	PtCys_YFP
YFP_Cys_53	5.16	28.6	1.6	TechRep_2	PtCys_YFP
YFP_Cys_54	3.96	13.3	2.58	TechRep_2	PtCys_YFP
YFP_Cys_56	95.6	32.1	2	TechRep_2	PtCys_YFP
YFP_Cys_55	0	0	n/a	TechRep_2	PtCys_YFP
YFP_Cys_57	36.8	21.2	3.67	TechRep_2	PtCys_YFP
YFP_Cys_58	20.2	22.9	1.35	TechRep_2	PtCys_YFP
YFP_Cys_59	82.5	45.5	2.14	TechRep_2	PtCys_YFP
YFP_Cys_60	82.5	61.1	3.37	TechRep_2	PtCys_YFP
YFP_Cys_61	65.6	62.4	3.91	TechRep_2	PtCys_YFP
YFP_Cys_62	37.7	51.7	3.54	TechRep_2	PtCys_YFP
YFP_Cys_63	1.57	58	3.94	TechRep_2	PtCys_YFP
YFP_Cys_64	87.7	64.9	4.03	TechRep_2	PtCys_YFP
YFP_Cys_65	59.3	60.6	3.79	TechRep_2	PtCys_YFP
YFP_Cys_66	0.92	46	2.07	TechRep_2	PtCys_YFP
YFP_Cys_67	16.4	64.9	4.04	TechRep_2	PtCys_YFP
YFP_Cys_68	1.9	25	2.76	TechRep_2	PtCys_YFP
YFP_Cys_69	6.9	0	n/a	TechRep_2	PtCys_YFP
YFP_Cys_70	61.1	59.8	3.79	TechRep_2	PtCys_YFP
YFP_Cys_71	7.73	65.1	3.79	TechRep_2	PtCys_YFP
YFP_Cys_72	0.29	0	n/a	TechRep_2	PtCys_YFP
Sh ble_plate2	97	0.017	0.03	TechRep_2	EV
YFP_1	97.2	2.69	2.76	TechRep_2	YFP
YFP_2	95.1	43.4	4.82	TechRep_2	YFP
YFP_3	94.1	71.8	4.6	TechRep_2	YFP
YFP_4	83.2	61.4	4.74	TechRep_2	YFP
YFP_5	95	67.4	3.64	TechRep_2	YFP
YFP_6	88.7	68.5	3.34	TechRep_2	YFP
YFP_7	94.6	60.4	4.4	TechRep_2	YFP
YFP_8	91.2	3.69	0.73	TechRep_2	YFP
YFP_9	64.7	61.7	5.18	TechRep_2	YFP
YFP_10	82.7	58.5	3.76	TechRep_2	YFP
YFP_11	92.5	67	3.3	TechRep_2	YFP
YFP_12	84.7	76.9	5.75	TechRep_2	YFP
YFP_13	93.4	69.3	5.01	TechRep_2	YFP
YFP_14	92.1	62	4.14	TechRep_2	YFP
YFP_15	92.1	63.9	5.35	TechRep_2	YFP
YFP_16	89.3	60.5	5.58	TechRep_2	YFP
YFP_17	94.7	71	5.52	TechRep_2	YFP
YFP_18	84.7	69.1	5.44	TechRep_2	YFP
YFP_19	91.4	60	3.64	TechRep_2	YFP
YFP_20	82.7	65.8	4.67	TechRep_2	YFP
YFP_21	83.3	69.9	5.81	TechRep_2	YFP
YFP_22	62.8	52	4.03	TechRep_2	YFP
YFP_23	91.4	70.4	7.22	TechRep_2	YFP
YFP_24	66.6	66	4.82	TechRep_2	YFP
YFP_25	92.9	70.9	6.42	TechRep_2	YFP
YFP_26	96	66.5	4.25	TechRep_2	YFP
YFP_27	95.3	70.9	4.47	TechRep_2	YFP
YFP_28	91.8	42.2	7.63	TechRep_2	YFP
YFP_29	89.3	49.5	3.35	TechRep_2	YFP
YFP_30	95.7	71.3	5.09	TechRep_2	YFP
YFP_31	87.9	63.8	4.42	TechRep_2	YFP
YFP_32	93.9	71.9	1.37	TechRep_2	YFP
YFP_33	75.4	0.61	0.78	TechRep_2	YFP
YFP_34	93	66.1	5.76	TechRep_2	YFP
YFP_35	85.9	72	5.01	TechRep_2	YFP
YFP_36	81.4	36	1.76	TechRep_2	YFP
YFP_37	68.8	74.1	5.05	TechRep_2	YFP
YFP_38	94.9	71.8	3.67	TechRep_2	YFP
YFP_39	95.9	58.8	4.19	TechRep_2	YFP
YFP_40	79.6	2.75	0.74	TechRep_2	YFP
YFP_41	85.2	3.59	0.75	TechRep_2	YFP
YFP_42	93.4	73.9	5.87	TechRep_2	YFP
YFP_43	88.9	69.2	4.93	TechRep_2	YFP
YFP_44	86.2	75.2	3.02	TechRep_2	YFP
YFP_45	55.8	50.4	3.86	TechRep_2	YFP
YFP_47	95.8	61.1	5.57	TechRep_2	YFP
YFP_46	92.9	51.2	2.92	TechRep_2	YFP
YFP_48	71.5	62.4	4.38	TechRep_2	YFP
YFP_49	25.1	30.1	2.89	TechRep_2	YFP
YFP_50	74	45.2	3.58	TechRep_2	YFP
YFP_51	88.5	64.8	5.33	TechRep_2	YFP
YFP_52	94.8	1.36	0.79	TechRep_2	YFP
YFP_53	83.3	61.4	3.6	TechRep_2	YFP
YFP_54	51.6	0.29	0.68	TechRep_2	YFP
YFP_55	80.1	0	n/a	TechRep_2	YFP
YFP_56	81.7	68	4.8	TechRep_2	YFP
YFP_57	94.1	69.3	4.9	TechRep_2	YFP
YFP_58	92.4	61	7.52	TechRep_2	YFP
YFP_59	88.6	55.4	5.1	TechRep_2	YFP
YFP_60	77.6	72.2	4.95	TechRep_2	YFP
YFP_61	81.1	65.5	7.97	TechRep_2	YFP
YFP_62	4	0	n/a	TechRep_2	YFP
YFP_63	0	0	n/a	TechRep_2	YFP
YFP_64	95.4	69.5	5.88	TechRep_2	YFP
YFP_65	94.4	75.3	7.15	TechRep_2	YFP
YFP_66	90.6	74	4.8	TechRep_2	YFP
YFP_67	0.15	75	1.51	TechRep_2	YFP
YFP_68	93.8	8.21	0.75	TechRep_2	YFP
YFP_69	32.6	43.7	3.06	TechRep_2	YFP
YFP_70	84.2	64.5	5.9	TechRep_2	YFP
YFP_71	92.1	72.4	6.52	TechRep_2	YFP
YFP_72	58.3	63.8	6.59	TechRep_2	YFP
Sh ble_plate1	80.2	0.069	0.84	TechRep_3	EV
YFP_Cys_1	66.1	61	3.81	TechRep_3	PtCys_YFP
YFP_Cys_2	43.7	60.4	3.82	TechRep_3	PtCys_YFP
YFP_Cys_3	63.3	42.9	2.95	TechRep_3	PtCys_YFP
YFP_Cys_4	60.3	47.3	3.93	TechRep_3	PtCys_YFP
YFP_Cys_5	49.6	59	3.55	TechRep_3	PtCys_YFP
YFP_Cys_6	57.3	3.05	2.72	TechRep_3	PtCys_YFP
YFP_Cys_7	61.6	64.1	4.27	TechRep_3	PtCys_YFP
YFP_Cys_8	64.4	52.6	5.24	TechRep_3	PtCys_YFP
YFP_Cys_9	59.5	60.1	5.24	TechRep_3	PtCys_YFP
YFP_Cys_10	37.5	57.3	4.29	TechRep_3	PtCys_YFP
YFP_Cys_11	76.4	56.1	3.47	TechRep_3	PtCys_YFP
YFP_Cys_12	45.6	57.2	3.53	TechRep_3	PtCys_YFP
YFP_Cys_13	65.7	69.2	5.53	TechRep_3	PtCys_YFP
YFP_Cys_14	48	65.8	4.67	TechRep_3	PtCys_YFP
YFP_Cys_15	30.3	48.3	5.26	TechRep_3	PtCys_YFP
YFP_Cys_16	72	0.05	1.3	TechRep_3	PtCys_YFP
YFP_Cys_17	67.6	52.6	3.97	TechRep_3	PtCys_YFP
YFP_Cys_18	56.9	38.6	3.07	TechRep_3	PtCys_YFP
YFP_Cys_19	35.4	53.6	5.31	TechRep_3	PtCys_YFP
YFP_Cys_20	54.6	42.8	2.75	TechRep_3	PtCys_YFP
YFP_Cys_21	78.9	49.7	3.47	TechRep_3	PtCys_YFP
YFP_Cys_22	65.4	0	n/a	TechRep_3	PtCys_YFP
YFP_Cys_23	61.1	48.4	3.53	TechRep_3	PtCys_YFP
YFP_Cys_24	8.42	0.095	0.78	TechRep_3	PtCys_YFP
YFP_Cys_25	56.4	54.3	5.43	TechRep_3	PtCys_YFP
YFP_Cys_26	33.6	62.3	4.54	TechRep_3	PtCys_YFP
YFP_Cys_27	50.4	5.63	1.29	TechRep_3	PtCys_YFP
YFP_Cys_28	62.3	50.8	3.52	TechRep_3	PtCys_YFP
YFP_Cys_29	65.1	0.019	0.56	TechRep_3	PtCys_YFP
YFP_Cys_30	90.3	70.4	6.61	TechRep_3	PtCys_YFP
YFP_Cys_31	72.5	57	2.92	TechRep_3	PtCys_YFP
YFP_Cys_32	63.5	68.4	5.6	TechRep_3	PtCys_YFP
YFP_Cys_33	32.2	48.7	3.28	TechRep_3	PtCys_YFP
YFP_Cys_34	52.3	0.051	0.65	TechRep_3	PtCys_YFP
YFP_Cys_35	37.1	57.1	4.13	TechRep_3	PtCys_YFP
YFP_Cys_36	37	58.6	3.67	TechRep_3	PtCys_YFP
YFP_Cys_37	28.7	57.3	4.06	TechRep_3	PtCys_YFP
YFP_Cys_38	65.7	57.2	5.18	TechRep_3	PtCys_YFP
YFP_Cys_39	56.8	22.8	2.87	TechRep_3	PtCys_YFP
YFP_Cys_40	38	51.1	4.28	TechRep_3	PtCys_YFP
YFP_Cys_41	52.1	47.3	3.33	TechRep_3	PtCys_YFP
YFP_Cys_42	50.2	59.8	4.7	TechRep_3	PtCys_YFP
YFP_Cys_43	37.2	41.1	3.26	TechRep_3	PtCys_YFP
YFP_Cys_44	35.8	25.4	4.61	TechRep_3	PtCys_YFP
YFP_Cys_45	70.8	58.5	6.89	TechRep_3	PtCys_YFP
YFP_Cys_46	62.6	57.3	3.16	TechRep_3	PtCys_YFP
YFP_Cys_47	7.63	2	0.41	TechRep_3	PtCys_YFP
YFP_Cys_48	9.65	12.2	2.46	TechRep_3	PtCys_YFP
YFP_Cys_49	60.1	67.5	4.59	TechRep_3	PtCys_YFP
YFP_Cys_50	67.2	65.8	4.61	TechRep_3	PtCys_YFP
YFP_Cys_51	64.2	61.9	3.78	TechRep_3	PtCys_YFP
YFP_Cys_52	60.6	71.4	2.05	TechRep_3	PtCys_YFP
YFP_Cys_53	78.2	58.8	3.04	TechRep_3	PtCys_YFP
YFP_Cys_54	80.4	55.7	3.04	TechRep_3	PtCys_YFP
YFP_Cys_56	64.5	55.1	3.19	TechRep_3	PtCys_YFP
YFP_Cys_55	32.4	52.2	3.16	TechRep_3	PtCys_YFP
YFP_Cys_57	34.9	0.16	0.66	TechRep_3	PtCys_YFP
YFP_Cys_58	16.6	28.1	1.47	TechRep_3	PtCys_YFP
YFP_Cys_59	70.6	48.5	2.04	TechRep_3	PtCys_YFP
YFP_Cys_60	62.1	58.6	3.32	TechRep_3	PtCys_YFP
YFP_Cys_61	62.8	68.9	4.11	TechRep_3	PtCys_YFP
YFP_Cys_62	52.8	56.8	3.28	TechRep_3	PtCys_YFP
YFP_Cys_63	36	59.6	3.99	TechRep_3	PtCys_YFP
YFP_Cys_64	46.5	63.8	3.32	TechRep_3	PtCys_YFP
YFP_Cys_65	81.1	65.2	3.53	TechRep_3	PtCys_YFP
YFP_Cys_66	10.5	31.4	1.65	TechRep_3	PtCys_YFP
YFP_Cys_67	21.1	53.5	3.12	TechRep_3	PtCys_YFP
YFP_Cys_68	40.5	54.5	3.52	TechRep_3	PtCys_YFP
YFP_Cys_69	35.9	0.62	0.68	TechRep_3	PtCys_YFP
YFP_Cys_70	80.4	59.4	3.98	TechRep_3	PtCys_YFP
YFP_Cys_71	32.4	49.4	2.9	TechRep_3	PtCys_YFP
YFP_Cys_72	47.7	0.42	0.53	TechRep_3	PtCys_YFP
Sh ble_plate2	83.2	0.7	0.27	TechRep_3	EV
YFP_1	93.8	1.01	2.54	TechRep_3	YFP
YFP_2	70.5	39.2	3.99	TechRep_3	YFP
YFP_3	74.3	64.7	2.96	TechRep_3	YFP
YFP_4	24.2	55.4	3.4	TechRep_3	YFP
YFP_5	86.4	62.4	2.6	TechRep_3	YFP
YFP_6	86.7	61.7	2.44	TechRep_3	YFP
YFP_7	42.4	57.8	3.1	TechRep_3	YFP
YFP_8	55.1	0.48	0.54	TechRep_3	YFP
YFP_9	15.4	54.9	3.44	TechRep_3	YFP
YFP_10	31.7	52.7	2.87	TechRep_3	YFP
YFP_11	77.8	55.4	2.38	TechRep_3	YFP
YFP_12	50	71.4	4.14	TechRep_3	YFP
YFP_13	76.9	62.3	3.34	TechRep_3	YFP
YFP_14	59.9	51.3	2.75	TechRep_3	YFP
YFP_15	75.1	53.9	3.41	TechRep_3	YFP
YFP_16	80.3	47.7	3.41	TechRep_3	YFP
YFP_17	91	61.8	3.67	TechRep_3	YFP
YFP_18	43.4	58.3	3.62	TechRep_3	YFP
YFP_19	76.6	51	2.68	TechRep_3	YFP
YFP_20	30.2	58.9	3.62	TechRep_3	YFP
YFP_21	52.2	61.6	3.59	TechRep_3	YFP
YFP_22	30.3	46.1	3.25	TechRep_3	YFP
YFP_23	50.3	65.2	4.85	TechRep_3	YFP
YFP_24	44.6	54.2	2.8	TechRep_3	YFP
YFP_25	62.8	63.1	3.87	TechRep_3	YFP
YFP_26	76	52.8	2.38	TechRep_3	YFP
YFP_27	77.4	62.4	2.45	TechRep_3	YFP
YFP_28	46.7	35.4	4.6	TechRep_3	YFP
YFP_29	51.6	39.3	2.06	TechRep_3	YFP
YFP_30	79.7	63.4	3.4	TechRep_3	YFP
YFP_31	55.5	55.4	2.81	TechRep_3	YFP
YFP_32	88.3	34.9	0.97	TechRep_3	YFP
YFP_33	15.1	0.065	0.83	TechRep_3	YFP
YFP_34	90.1	58.8	3.69	TechRep_3	YFP
YFP_35	71.3	60.9	2.7	TechRep_3	YFP
YFP_36	50.9	23.8	1.3	TechRep_3	YFP
YFP_37	26	64.9	3.83	TechRep_3	YFP
YFP_38	92.5	67.3	3.17	TechRep_3	YFP
YFP_39	90.9	50.5	2.57	TechRep_3	YFP
YFP_40	28.7	0.39	3.05	TechRep_3	YFP
YFP_41	35	0.47	0.61	TechRep_3	YFP
YFP_42	59.5	62	3.26	TechRep_3	YFP
YFP_43	45.7	59.4	3.04	TechRep_3	YFP
YFP_44	58.8	64.3	2.09	TechRep_3	YFP
YFP_45	12.6	40.7	2.3	TechRep_3	YFP
YFP_47	89.2	57.9	4.46	TechRep_3	YFP
YFP_46	86.3	40.7	1.75	TechRep_3	YFP
YFP_48	37.3	50.2	2.6	TechRep_3	YFP
YFP_49	4.45	25.7	2.16	TechRep_3	YFP
YFP_50	32.5	36	2.02	TechRep_3	YFP
YFP_51	65.1	57	3.35	TechRep_3	YFP
YFP_52	83.8	0.18	1.19	TechRep_3	YFP
YFP_53	56.5	47.4	2.08	TechRep_3	YFP
YFP_54	10.2	0.11	0.68	TechRep_3	YFP
YFP_55	30	0	n/a	TechRep_3	YFP
YFP_56	31.1	58.3	2.85	TechRep_3	YFP
YFP_57	75.3	58.1	2.78	TechRep_3	YFP
YFP_58	66.9	54	4.74	TechRep_3	YFP
YFP_59	47.5	48.6	3.72	TechRep_3	YFP
YFP_60	23.2	64.7	3.38	TechRep_3	YFP
YFP_61	35.6	55.6	5.15	TechRep_3	YFP
YFP_62	2.87	16.7	1.01	TechRep_3	YFP
YFP_63	1.26	0	n/a	TechRep_3	YFP
YFP_64	77.1	60	3.48	TechRep_3	YFP
YFP_65	78.5	66.9	4.28	TechRep_3	YFP
YFP_66	49.1	65.7	3.35	TechRep_3	YFP
YFP_67	0.019	41.7	1.16	TechRep_3	YFP
YFP_68	60	0.48	0.6	TechRep_3	YFP
YFP_69	5.78	36.2	1.45	TechRep_3	YFP
YFP_70	28	56.9	4.03	TechRep_3	YFP
YFP_71	43.7	65.7	4.44	TechRep_3	YFP
YFP_72	14.5	56.9	4.5	TechRep_3	YFP
Sh ble_plate1	89.4	0	n/a	TechRep_4	EV
YFP_Cys_1	74.3	56.9	3.59	TechRep_4	PtCys_YFP
YFP_Cys_2	77.3	73.3	4.48	TechRep_4	PtCys_YFP
YFP_Cys_3	93.2	50.1	1.67	TechRep_4	PtCys_YFP
YFP_Cys_4	92	42.2	1.98	TechRep_4	PtCys_YFP
YFP_Cys_5	94.7	41	1.6	TechRep_4	PtCys_YFP
YFP_Cys_6	81.9	0.34	0.59	TechRep_4	PtCys_YFP
YFP_Cys_7	89.3	56.3	3.01	TechRep_4	PtCys_YFP
YFP_Cys_8	92.9	46.9	3.35	TechRep_4	PtCys_YFP
YFP_Cys_9	78.3	65.4	4.5	TechRep_4	PtCys_YFP
YFP_Cys_10	75.4	59.6	3.37	TechRep_4	PtCys_YFP
YFP_Cys_11	95.1	51.5	1.96	TechRep_4	PtCys_YFP
YFP_Cys_12	84.1	49.6	2.84	TechRep_4	PtCys_YFP
YFP_Cys_13	6.21	33.3	2.3	TechRep_4	PtCys_YFP
YFP_Cys_14	1.36	0	n/a	TechRep_4	PtCys_YFP
YFP_Cys_15	7.45	14.3	0.65	TechRep_4	PtCys_YFP
YFP_Cys_16	1.87	50	0.53	TechRep_4	PtCys_YFP
YFP_Cys_17	96.4	42.8	1.45	TechRep_4	PtCys_YFP
YFP_Cys_18	95.6	36	1.64	TechRep_4	PtCys_YFP
YFP_Cys_19	90.3	50.9	2.79	TechRep_4	PtCys_YFP
YFP_Cys_20	93.6	43.4	1.71	TechRep_4	PtCys_YFP
YFP_Cys_21	94.6	43.1	2.4	TechRep_4	PtCys_YFP
YFP_Cys_22	91.4	0.073	0.57	TechRep_4	PtCys_YFP
YFP_Cys_23	96.9	36.9	1.77	TechRep_4	PtCys_YFP
YFP_Cys_24	27	0.62	1.15	TechRep_4	PtCys_YFP
YFP_Cys_25	95	44.1	2.81	TechRep_4	PtCys_YFP
YFP_Cys_26	92.3	60.9	2.79	TechRep_4	PtCys_YFP
YFP_Cys_27	88.6	9.97	1.19	TechRep_4	PtCys_YFP
YFP_Cys_28	98.6	46.8	1.92	TechRep_4	PtCys_YFP
YFP_Cys_29	86.5	0.87	1.39	TechRep_4	PtCys_YFP
YFP_Cys_30	93.9	53.8	2.84	TechRep_4	PtCys_YFP
YFP_Cys_31	96.3	54.6	1.92	TechRep_4	PtCys_YFP
YFP_Cys_32	54	63.4	3.22	TechRep_4	PtCys_YFP
YFP_Cys_33	46.7	61.8	2.65	TechRep_4	PtCys_YFP
YFP_Cys_34	94.3	0.01	0.65	TechRep_4	PtCys_YFP
YFP_Cys_35	96.5	38.8	1.74	TechRep_4	PtCys_YFP
YFP_Cys_36	91.2	43.3	2.42	TechRep_4	PtCys_YFP
YFP_Cys_37	92.4	51.4	2.89	TechRep_4	PtCys_YFP
YFP_Cys_38	87.2	39	3.9	TechRep_4	PtCys_YFP
YFP_Cys_39	98.8	21.3	1.85	TechRep_4	PtCys_YFP
YFP_Cys_40	96.3	52.6	3.48	TechRep_4	PtCys_YFP
YFP_Cys_41	98.8	41.4	2.03	TechRep_4	PtCys_YFP
YFP_Cys_42	23.9	62.5	6.53	TechRep_4	PtCys_YFP
YFP_Cys_43	93.5	39	1.88	TechRep_4	PtCys_YFP
YFP_Cys_44	92.2	1.36	3.71	TechRep_4	PtCys_YFP
YFP_Cys_45	84.8	60.2	3.65	TechRep_4	PtCys_YFP
YFP_Cys_46	81.9	45.7	2.35	TechRep_4	PtCys_YFP
YFP_Cys_47	69.7	10.6	1.09	TechRep_4	PtCys_YFP
YFP_Cys_48	42.7	10.2	2	TechRep_4	PtCys_YFP
YFP_Cys_49	95.7	67.5	4.16	TechRep_4	PtCys_YFP
YFP_Cys_50	93.6	65.4	2.84	TechRep_4	PtCys_YFP
YFP_Cys_51	97.2	47.5	1.8	TechRep_4	PtCys_YFP
YFP_Cys_52	98.2	63.9	1.55	TechRep_4	PtCys_YFP
YFP_Cys_53	96.6	42.5	1.64	TechRep_4	PtCys_YFP
YFP_Cys_54	98.6	40.1	1.5	TechRep_4	PtCys_YFP
YFP_Cys_56	94.4	49.3	1.6	TechRep_4	PtCys_YFP
YFP_Cys_55	95.8	44.3	2.43	TechRep_4	PtCys_YFP
YFP_Cys_57	95.6	1.26	0.58	TechRep_4	PtCys_YFP
YFP_Cys_58	96	41.4	1.22	TechRep_4	PtCys_YFP
YFP_Cys_59	96.6	46.8	1.2	TechRep_4	PtCys_YFP
YFP_Cys_60	93.8	34.6	1.99	TechRep_4	PtCys_YFP
YFP_Cys_61	91	65.1	3.44	TechRep_4	PtCys_YFP
YFP_Cys_62	95	50	2.65	TechRep_4	PtCys_YFP
YFP_Cys_63	90.1	68.4	3.31	TechRep_4	PtCys_YFP
YFP_Cys_64	85	73.3	4.07	TechRep_4	PtCys_YFP
YFP_Cys_65	92.9	51.7	2.29	TechRep_4	PtCys_YFP
YFP_Cys_66	75.6	51.6	1.51	TechRep_4	PtCys_YFP
YFP_Cys_67	87.8	35.1	1.75	TechRep_4	PtCys_YFP
YFP_Cys_68	97.2	34.5	1.84	TechRep_4	PtCys_YFP
YFP_Cys_69	78.2	0.25	0.66	TechRep_4	PtCys_YFP
YFP_Cys_70	96.2	41.6	2.51	TechRep_4	PtCys_YFP
YFP_Cys_71	96.1	36.5	1.79	TechRep_4	PtCys_YFP
YFP_Cys_72	36.1	0.79	1.9	TechRep_4	PtCys_YFP
Sh ble_plate2	95.5	0	n/a	TechRep_4	EV
YFP_1	97.5	0.4	0.62	TechRep_4	YFP
YFP_2	94.4	28.8	1.49	TechRep_4	YFP
YFP_3	97.3	53.9	2.02	TechRep_4	YFP
YFP_4	74.6	44.2	3.66	TechRep_4	YFP
YFP_5	97.5	48.9	1.91	TechRep_4	YFP
YFP_6	98.2	47.9	2.11	TechRep_4	YFP
YFP_7	32.2	2.56	0.59	TechRep_4	YFP
YFP_8	93.3	0.59	0.53	TechRep_4	YFP
YFP_9	14.7	47.5	2.78	TechRep_4	YFP
YFP_10	90.4	59.1	2.16	TechRep_4	YFP
YFP_11	96	54.2	1.16	TechRep_4	YFP
YFP_12	72.7	58.2	3.17	TechRep_4	YFP
YFP_13	86.1	62.5	2.81	TechRep_4	YFP
YFP_14	94	38.3	1.8	TechRep_4	YFP
YFP_15	93.9	36.8	1.71	TechRep_4	YFP
YFP_16	98.9	26.2	1.1	TechRep_4	YFP
YFP_17	99.1	19	1.02	TechRep_4	YFP
YFP_18	71.3	19.6	1.42	TechRep_4	YFP
YFP_19	95.5	53.1	1.87	TechRep_4	YFP
YFP_20	26	60.1	2.7	TechRep_4	YFP
YFP_21	94.2	40	2.1	TechRep_4	YFP
YFP_22	71.9	39.4	2.36	TechRep_4	YFP
YFP_23	94.9	38.7	2.08	TechRep_4	YFP
YFP_24	72.6	14.2	1.79	TechRep_4	YFP
YFP_25	50.5	53.6	2.69	TechRep_4	YFP
YFP_26	97.7	35.6	1.53	TechRep_4	YFP
YFP_27	95.4	36	1.43	TechRep_4	YFP
YFP_28	96.4	30.8	2.34	TechRep_4	YFP
YFP_29	97.4	15.5	1.07	TechRep_4	YFP
YFP_30	98	27	1.29	TechRep_4	YFP
YFP_31	95.1	30.3	1.52	TechRep_4	YFP
YFP_32	97.8	2.82	0.78	TechRep_4	YFP
YFP_33	1.01	0	n/a	TechRep_4	YFP
YFP_34	96.8	10.4	1.18	TechRep_4	YFP
YFP_35	95.2	1.04	0.92	TechRep_4	YFP
YFP_36	85.6	0.83	0.8	TechRep_4	YFP
YFP_37	86.3	72.1	2.99	TechRep_4	YFP
YFP_38	97.8	39	1.41	TechRep_4	YFP
YFP_39	98.2	30	1.33	TechRep_4	YFP
YFP_40	71.3	0.12	0.6	TechRep_4	YFP
YFP_41	66.7	0.068	0.58	TechRep_4	YFP
YFP_42	98	36	1.63	TechRep_4	YFP
YFP_43	97.7	41.1	1.61	TechRep_4	YFP
YFP_44	93.1	16.5	1.45	TechRep_4	YFP
YFP_45	57.6	2.4	1.03	TechRep_4	YFP
YFP_47	86.3	5.88	1.01	TechRep_4	YFP
YFP_46	95.7	10.9	1.24	TechRep_4	YFP
YFP_48	82.8	11.4	1.73	TechRep_4	YFP
YFP_49	29	11	1.93	TechRep_4	YFP
YFP_50	89	23.3	1.59	TechRep_4	YFP
YFP_51	94	38.9	2.17	TechRep_4	YFP
YFP_52	94.8	0.092	0.68	TechRep_4	YFP
YFP_53	97.5	29.9	1.37	TechRep_4	YFP
YFP_54	31.9	0.065	0.69	TechRep_4	YFP
YFP_55	70.5	0	n/a	TechRep_4	YFP
YFP_56	89	8.79	1.73	TechRep_4	YFP
YFP_57	98.2	21.1	1.36	TechRep_4	YFP
YFP_58	19.7	11.1	1.86	TechRep_4	YFP
YFP_59	97.7	9.84	1.2	TechRep_4	YFP
YFP_60	60.7	38.3	2.2	TechRep_4	YFP
YFP_61	94	56.6	3.43	TechRep_4	YFP
YFP_62	98	26.6	1.27	TechRep_4	YFP
YFP_63	99.2	27.2	1.44	TechRep_4	YFP
YFP_64	93.1	32.6	1.56	TechRep_4	YFP
YFP_65	93.5	32.1	2.13	TechRep_4	YFP
YFP_66	53.4	50.6	2.51	TechRep_4	YFP
YFP_67	0.2	8.33	0.55	TechRep_4	YFP
YFP_68	83	0.16	0.56	TechRep_4	YFP
YFP_69	67.6	20.9	1.31	TechRep_4	YFP
YFP_70	84.5	33.6	2.15	TechRep_4	YFP
YFP_71	78.2	49.6	2.46	TechRep_4	YFP
YFP_72	90.9	60.9	3.79	TechRep_4	YFP
Sh ble_plate1	90.3	0.063	0.58	TechRep_5	EV
YFP_Cys_1	91.2	60.6	3.34	TechRep_5	PtCys_YFP
YFP_Cys_2	91.2	72.2	3.77	TechRep_5	PtCys_YFP
YFP_Cys_3	97.5	40.5	1.63	TechRep_5	PtCys_YFP
YFP_Cys_4	95.7	42.9	1.85	TechRep_5	PtCys_YFP
YFP_Cys_5	96.9	46.8	1.98	TechRep_5	PtCys_YFP
YFP_Cys_6	89.8	0.21	0.54	TechRep_5	PtCys_YFP
YFP_Cys_7	93.2	55.5	2.86	TechRep_5	PtCys_YFP
YFP_Cys_8	93.1	38.9	3.55	TechRep_5	PtCys_YFP
YFP_Cys_9	90.9	60.4	4.3	TechRep_5	PtCys_YFP
YFP_Cys_10	93.5	58.4	3.61	TechRep_5	PtCys_YFP
YFP_Cys_11	96.1	52	2.4	TechRep_5	PtCys_YFP
YFP_Cys_12	94.5	42	2.34	TechRep_5	PtCys_YFP
YFP_Cys_13	96.6	60.8	3.02	TechRep_5	PtCys_YFP
YFP_Cys_14	95.8	50.7	2.23	TechRep_5	PtCys_YFP
YFP_Cys_15	87.9	40.3	2.89	TechRep_5	PtCys_YFP
YFP_Cys_16	93.2	24.1	1.89	TechRep_5	PtCys_YFP
YFP_Cys_17	94.5	42	1.97	TechRep_5	PtCys_YFP
YFP_Cys_18	96.4	30.7	1.66	TechRep_5	PtCys_YFP
YFP_Cys_19	86.9	50.1	3.15	TechRep_5	PtCys_YFP
YFP_Cys_20	96.2	41	1.84	TechRep_5	PtCys_YFP
YFP_Cys_21	94.4	43.6	3.01	TechRep_5	PtCys_YFP
YFP_Cys_22	92.7	0.19	0.65	TechRep_5	PtCys_YFP
YFP_Cys_23	95.7	38.3	2.05	TechRep_5	PtCys_YFP
YFP_Cys_24	88.6	1.18	0.62	TechRep_5	PtCys_YFP
YFP_Cys_25	93.5	46.1	3.07	TechRep_5	PtCys_YFP
YFP_Cys_26	86.8	61	2.82	TechRep_5	PtCys_YFP
YFP_Cys_27	92.1	12	1.37	TechRep_5	PtCys_YFP
YFP_Cys_28	32.4	7.27	2.25	TechRep_5	PtCys_YFP
YFP_Cys_29	92.6	0.29	0.56	TechRep_5	PtCys_YFP
YFP_Cys_30	94.2	57.9	3.59	TechRep_5	PtCys_YFP
YFP_Cys_31	96.6	44.6	1.79	TechRep_5	PtCys_YFP
YFP_Cys_32	80.9	52.8	3.65	TechRep_5	PtCys_YFP
YFP_Cys_33	82.8	56	3.57	TechRep_5	PtCys_YFP
YFP_Cys_34	96.5	0.011	1.27	TechRep_5	PtCys_YFP
YFP_Cys_35	94.2	43.5	2.43	TechRep_5	PtCys_YFP
YFP_Cys_36	93.1	60.1	3.83	TechRep_5	PtCys_YFP
YFP_Cys_37	87.5	50.1	3.64	TechRep_5	PtCys_YFP
YFP_Cys_38	88.1	43	4.17	TechRep_5	PtCys_YFP
YFP_Cys_39	96.6	20.8	2.03	TechRep_5	PtCys_YFP
YFP_Cys_40	94.6	50.7	3.24	TechRep_5	PtCys_YFP
YFP_Cys_41	94.4	39.4	2.11	TechRep_5	PtCys_YFP
YFP_Cys_42	92.8	41.8	2.76	TechRep_5	PtCys_YFP
YFP_Cys_43	95.2	32.5	1.99	TechRep_5	PtCys_YFP
YFP_Cys_44	90.9	9.12	2.44	TechRep_5	PtCys_YFP
YFP_Cys_45	86.6	54.2	4.61	TechRep_5	PtCys_YFP
YFP_Cys_46	92.2	45.4	2.35	TechRep_5	PtCys_YFP
YFP_Cys_47	81.5	22.1	1.63	TechRep_5	PtCys_YFP
YFP_Cys_48	82.9	16.6	2.31	TechRep_5	PtCys_YFP
YFP_Cys_49	93.3	69.6	3.55	TechRep_5	PtCys_YFP
YFP_Cys_50	94.9	64.4	2.75	TechRep_5	PtCys_YFP
YFP_Cys_51	96	51.8	2.36	TechRep_5	PtCys_YFP
YFP_Cys_52	98	51.2	1.39	TechRep_5	PtCys_YFP
YFP_Cys_53	92.6	43.5	2	TechRep_5	PtCys_YFP
YFP_Cys_54	95.4	38.6	1.82	TechRep_5	PtCys_YFP
YFP_Cys_56	94.3	34	1.56	TechRep_5	PtCys_YFP
YFP_Cys_55	95.4	46.3	2.36	TechRep_5	PtCys_YFP
YFP_Cys_57	93.9	0.12	0.73	TechRep_5	PtCys_YFP
YFP_Cys_58	95.8	37.4	1.33	TechRep_5	PtCys_YFP
YFP_Cys_59	97	28.3	1.19	TechRep_5	PtCys_YFP
YFP_Cys_60	94.6	34.2	2.65	TechRep_5	PtCys_YFP
YFP_Cys_61	94	49.2	2.95	TechRep_5	PtCys_YFP
YFP_Cys_62	95.7	39.9	1.95	TechRep_5	PtCys_YFP
YFP_Cys_63	89.8	54.4	3.66	TechRep_5	PtCys_YFP
YFP_Cys_64	91.9	77.4	3.81	TechRep_5	PtCys_YFP
YFP_Cys_65	91.9	46.3	2.22	TechRep_5	PtCys_YFP
YFP_Cys_66	72.9	43.6	1.63	TechRep_5	PtCys_YFP
YFP_Cys_67	91.6	47.2	3.01	TechRep_5	PtCys_YFP
YFP_Cys_68	95.2	36.9	2.23	TechRep_5	PtCys_YFP
YFP_Cys_69	78.8	0.55	0.63	TechRep_5	PtCys_YFP
YFP_Cys_70	95.3	42.7	2.33	TechRep_5	PtCys_YFP
YFP_Cys_71	95.9	35.3	2.16	TechRep_5	PtCys_YFP
YFP_Cys_72	90.2	2.26	2.82	TechRep_5	PtCys_YFP
Sh ble_plate2	91	0.051	0.89	TechRep_5	EV
YFP_1	96.3	1.51	0.77	TechRep_5	YFP
YFP_2	95.1	18	2.3	TechRep_5	YFP
YFP_3	97	42.9	2.05	TechRep_5	YFP
YFP_4	85.8	53.2	4.01	TechRep_5	YFP
YFP_5	96.8	37.5	1.98	TechRep_5	YFP
YFP_6	97	37.8	1.83	TechRep_5	YFP
YFP_7	96.5	53.8	2.46	TechRep_5	YFP
YFP_8	96.2	0.13	0.61	TechRep_5	YFP
YFP_9	76.1	38.8	2.32	TechRep_5	YFP
YFP_10	94.9	51.3	2.26	TechRep_5	YFP
YFP_11	97.3	34.8	1.27	TechRep_5	YFP
YFP_12	87.9	43.1	2.32	TechRep_5	YFP
YFP_13	88.5	52.9	3.45	TechRep_5	YFP
YFP_14	90.2	37	2.21	TechRep_5	YFP
YFP_15	93.1	40.7	2.65	TechRep_5	YFP
YFP_16	96.7	39.6	1.73	TechRep_5	YFP
YFP_17	97.2	30.9	1.56	TechRep_5	YFP
YFP_18	83.3	51.9	2.8	TechRep_5	YFP
YFP_19	90.8	50	1.96	TechRep_5	YFP
YFP_20	84.6	55.7	3.81	TechRep_5	YFP
YFP_21	93.7	42.4	2.3	TechRep_5	YFP
YFP_22	88	46.4	2.85	TechRep_5	YFP
YFP_23	93.6	48.8	2.49	TechRep_5	YFP
YFP_24	17	21.9	1.9	TechRep_5	YFP
YFP_25	81.6	51	3.52	TechRep_5	YFP
YFP_26	96.5	35	1.74	TechRep_5	YFP
YFP_27	96.9	39	1.58	TechRep_5	YFP
YFP_28	92.4	40.5	2.5	TechRep_5	YFP
YFP_29	93.2	23.6	1.39	TechRep_5	YFP
YFP_30	97.4	34.7	1.48	TechRep_5	YFP
YFP_31	96.7	37.1	1.61	TechRep_5	YFP
YFP_32	98.4	24.4	0.8	TechRep_5	YFP
YFP_33	22.5	5.44	0.8	TechRep_5	YFP
YFP_34	95.3	39.5	1.82	TechRep_5	YFP
YFP_35	96.5	38.1	1.91	TechRep_5	YFP
YFP_36	84.3	18.7	1.44	TechRep_5	YFP
YFP_37	83.6	63.6	2.93	TechRep_5	YFP
YFP_38	97.5	49.9	1.83	TechRep_5	YFP
YFP_39	97.2	30.5	1.4	TechRep_5	YFP
YFP_40	89.4	0.89	0.61	TechRep_5	YFP
YFP_41	77.6	1.15	0.63	TechRep_5	YFP
YFP_42	94.1	42.4	1.93	TechRep_5	YFP
YFP_43	95.8	38.1	1.69	TechRep_5	YFP
YFP_44	96	46.9	1.53	TechRep_5	YFP
YFP_45	88.9	41.9	2.14	TechRep_5	YFP
YFP_47	92.4	47.6	2.94	TechRep_5	YFP
YFP_46	95.4	36.1	1.81	TechRep_5	YFP
YFP_48	92.4	44.3	2.74	TechRep_5	YFP
YFP_49	69.3	13	2.94	TechRep_5	YFP
YFP_50	88.6	33.1	2.48	TechRep_5	YFP
YFP_51	91.7	48	2.9	TechRep_5	YFP
YFP_52	95	0.25	0.57	TechRep_5	YFP
YFP_53	96.3	34.7	1.88	TechRep_5	YFP
YFP_54	87.5	0.38	0.7	TechRep_5	YFP
YFP_55	86.4	0.54	0.64	TechRep_5	YFP
YFP_56	93	42.9	2.24	TechRep_5	YFP
YFP_57	97.9	34.7	1.72	TechRep_5	YFP
YFP_58	86.3	38	4.73	TechRep_5	YFP
YFP_59	93.6	32.8	2.05	TechRep_5	YFP
YFP_60	79.2	48.8	3.14	TechRep_5	YFP
YFP_61	87.1	51	4.73	TechRep_5	YFP
YFP_62	32.1	35.8	2.07	TechRep_5	YFP
YFP_63	97.9	38.3	1.59	TechRep_5	YFP
YFP_64	95.1	25.5	1.6	TechRep_5	YFP
YFP_65	88.7	59.2	3.41	TechRep_5	YFP
YFP_66	89	68.8	3.04	TechRep_5	YFP
YFP_67	0.5	48	1.28	TechRep_5	YFP
YFP_68	89.9	0.58	0.59	TechRep_5	YFP
YFP_69	89	35.3	2.28	TechRep_5	YFP
YFP_70	92.3	46.9	3.23	TechRep_5	YFP
YFP_71	88.8	53.2	3.81	TechRep_5	YFP
YFP_72	89.5	56.6	4.08	TechRep_5	YFP
Sh ble_plate1	87	0.035	1.17	TechRep_6	EV
YFP_Cys_1	95.3	64.5	2.36	TechRep_6	PtCys_YFP
YFP_Cys_2	85	54.4	2.42	TechRep_6	PtCys_YFP
YFP_Cys_3	94.4	48.2	1.77	TechRep_6	PtCys_YFP
YFP_Cys_4	93.1	51.2	1.89	TechRep_6	PtCys_YFP
YFP_Cys_5	95.1	59.3	2.19	TechRep_6	PtCys_YFP
YFP_Cys_6	88.2	0.00252	0.76	TechRep_6	PtCys_YFP
YFP_Cys_7	90.9	57.9	2.02	TechRep_6	PtCys_YFP
YFP_Cys_8	91.1	60.3	3.12	TechRep_6	PtCys_YFP
YFP_Cys_9	87.3	62.4	2.73	TechRep_6	PtCys_YFP
YFP_Cys_10	89.1	64	2.73	TechRep_6	PtCys_YFP
YFP_Cys_11	95.5	60.9	2.15	TechRep_6	PtCys_YFP
YFP_Cys_12	92.8	40.4	1.83	TechRep_6	PtCys_YFP
YFP_Cys_13	95.1	74.1	3.29	TechRep_6	PtCys_YFP
YFP_Cys_14	94.1	56.2	2.12	TechRep_6	PtCys_YFP
YFP_Cys_15	90.5	60.4	3	TechRep_6	PtCys_YFP
YFP_Cys_16	94.3	0.064	0.92	TechRep_6	PtCys_YFP
YFP_Cys_17	93.1	46.1	1.41	TechRep_6	PtCys_YFP
YFP_Cys_18	90.2	38	1.75	TechRep_6	PtCys_YFP
YFP_Cys_19	97	68.1	3.67	TechRep_6	PtCys_YFP
YFP_Cys_20	97	45.1	1.64	TechRep_6	PtCys_YFP
YFP_Cys_21	96.3	48	2.21	TechRep_6	PtCys_YFP
YFP_Cys_22	92.5	0.043	0.87	TechRep_6	PtCys_YFP
YFP_Cys_23	93.3	43.2	1.75	TechRep_6	PtCys_YFP
YFP_Cys_24	90.1	0.18	0.87	TechRep_6	PtCys_YFP
YFP_Cys_25	92.7	60.5	2.36	TechRep_6	PtCys_YFP
YFP_Cys_26	87.6	63.6	2.49	TechRep_6	PtCys_YFP
YFP_Cys_27	92	4.64	1.34	TechRep_6	PtCys_YFP
YFP_Cys_28	88.7	48.6	2.06	TechRep_6	PtCys_YFP
YFP_Cys_29	95.5	0.022	0.99	TechRep_6	PtCys_YFP
YFP_Cys_30	96.6	69.5	2.81	TechRep_6	PtCys_YFP
YFP_Cys_31	94	51.2	1.62	TechRep_6	PtCys_YFP
YFP_Cys_32	93.3	62.4	3.56	TechRep_6	PtCys_YFP
YFP_Cys_33	91.1	61.8	3.25	TechRep_6	PtCys_YFP
YFP_Cys_34	94.5	0.035	0.9	TechRep_6	PtCys_YFP
YFP_Cys_35	96.4	54.6	1.82	TechRep_6	PtCys_YFP
YFP_Cys_36	90.2	60.5	3.16	TechRep_6	PtCys_YFP
YFP_Cys_37	83.8	66.6	3.02	TechRep_6	PtCys_YFP
YFP_Cys_38	92	68.8	3.49	TechRep_6	PtCys_YFP
YFP_Cys_39	92.6	16.4	1.53	TechRep_6	PtCys_YFP
YFP_Cys_40	96	52.2	3.03	TechRep_6	PtCys_YFP
YFP_Cys_41	93.5	49.7	1.74	TechRep_6	PtCys_YFP
YFP_Cys_42	91.4	71.8	4.35	TechRep_6	PtCys_YFP
YFP_Cys_43	95.9	44.2	1.77	TechRep_6	PtCys_YFP
YFP_Cys_44	91.1	2.67	3.47	TechRep_6	PtCys_YFP
YFP_Cys_45	95.8	65.8	4.15	TechRep_6	PtCys_YFP
YFP_Cys_46	92.1	49	2.12	TechRep_6	PtCys_YFP
YFP_Cys_47	93.7	23.9	1.48	TechRep_6	PtCys_YFP
YFP_Cys_48	89.6	11.8	1.77	TechRep_6	PtCys_YFP
YFP_Cys_49	92.2	58.1	2.02	TechRep_6	PtCys_YFP
YFP_Cys_50	93.7	58.7	2.08	TechRep_6	PtCys_YFP
YFP_Cys_51	92.8	62.5	1.95	TechRep_6	PtCys_YFP
YFP_Cys_52	96.3	54	1.35	TechRep_6	PtCys_YFP
YFP_Cys_53	89.4	49.4	1.89	TechRep_6	PtCys_YFP
YFP_Cys_54	97	46.6	1.6	TechRep_6	PtCys_YFP
YFP_Cys_56	85.7	34.8	1.46	TechRep_6	PtCys_YFP
YFP_Cys_55	92	46.4	1.72	TechRep_6	PtCys_YFP
YFP_Cys_57	94.8	0.24	0.75	TechRep_6	PtCys_YFP
YFP_Cys_58	94	28.1	1.08	TechRep_6	PtCys_YFP
YFP_Cys_59	95.8	31.6	1.17	TechRep_6	PtCys_YFP
YFP_Cys_60	91.3	44	1.89	TechRep_6	PtCys_YFP
YFP_Cys_61	92.4	52.5	1.99	TechRep_6	PtCys_YFP
YFP_Cys_62	93.8	58.7	2.26	TechRep_6	PtCys_YFP
YFP_Cys_63	86.1	63.9	2.9	TechRep_6	PtCys_YFP
YFP_Cys_64	90.2	74.1	3.33	TechRep_6	PtCys_YFP
YFP_Cys_65	93.3	55.1	2.36	TechRep_6	PtCys_YFP
YFP_Cys_66	88.7	39.8	1.86	TechRep_6	PtCys_YFP
YFP_Cys_67	88.6	47.1	2.62	TechRep_6	PtCys_YFP
YFP_Cys_68	91.6	36.1	1.58	TechRep_6	PtCys_YFP
YFP_Cys_69	88.2	0.12	0.77	TechRep_6	PtCys_YFP
YFP_Cys_70	92.9	40.4	1.71	TechRep_6	PtCys_YFP
YFP_Cys_71	92	46.7	1.96	TechRep_6	PtCys_YFP
YFP_Cys_72	86.1	0.085	0.82	TechRep_6	PtCys_YFP
Sh ble_plate2	94	0.015	0.86	TechRep_6	EV
YFP_1	91.2	0.12	0.73	TechRep_6	YFP
YFP_2	93.4	14	1.43	TechRep_6	YFP
YFP_3	94.9	48.1	2.07	TechRep_6	YFP
YFP_4	84.2	66.1	3	TechRep_6	YFP
YFP_5	95.4	53.7	2.24	TechRep_6	YFP
YFP_6	96.2	68.7	2.91	TechRep_6	YFP
YFP_7	96.8	69	2.3	TechRep_6	YFP
YFP_8	96.5	0.02	0.78	TechRep_6	YFP
YFP_9	79.6	73.5	3.18	TechRep_6	YFP
YFP_10	97.3	73	2.02	TechRep_6	YFP
YFP_11	95.8	36.7	1.12	TechRep_6	YFP
YFP_12	94.4	73.1	2.47	TechRep_6	YFP
YFP_13	96.2	69.1	2.12	TechRep_6	YFP
YFP_14	93	63.6	1.71	TechRep_6	YFP
YFP_15	88.2	68.4	2.57	TechRep_6	YFP
YFP_16	95.9	75.3	2.09	TechRep_6	YFP
YFP_17	96.8	72.3	2.12	TechRep_6	YFP
YFP_18	98.9	75.3	3.15	TechRep_6	YFP
YFP_19	98.7	73.1	3.33	TechRep_6	YFP
YFP_20	29	79.4	4.21	TechRep_6	YFP
YFP_21	96.8	73.7	2.1	TechRep_6	YFP
YFP_22	71.5	74	3.31	TechRep_6	YFP
YFP_23	97.6	72.3	2.32	TechRep_6	YFP
YFP_24	96.8	74.2	2.75	TechRep_6	YFP
YFP_25	96.6	69.5	2.82	TechRep_6	YFP
YFP_26	92.8	57.8	1.84	TechRep_6	YFP
YFP_27	93.5	62.4	1.92	TechRep_6	YFP
YFP_28	89.8	78	3.37	TechRep_6	YFP
YFP_29	96.6	57.4	1.71	TechRep_6	YFP
YFP_30	94.5	55	1.7	TechRep_6	YFP
YFP_31	96	52.3	1.85	TechRep_6	YFP
YFP_32	97.7	8.06	0.84	TechRep_6	YFP
YFP_33	27.7	0.048	0.87	TechRep_6	YFP
YFP_34	89.3	65.4	2.34	TechRep_6	YFP
YFP_35	91.2	50	1.83	TechRep_6	YFP
YFP_36	85.4	30	1.15	TechRep_6	YFP
YFP_37	98	57.3	1.85	TechRep_6	YFP
YFP_38	95.5	47.7	1.72	TechRep_6	YFP
YFP_39	94.8	29.7	1.51	TechRep_6	YFP
YFP_40	97.7	0.00112	2.01	TechRep_6	YFP
YFP_41	87.1	0	n/a	TechRep_6	YFP
YFP_42	96.5	39.2	1.56	TechRep_6	YFP
YFP_43	95.6	37.5	1.57	TechRep_6	YFP
YFP_44	98.9	51.5	1.71	TechRep_6	YFP
YFP_45	96.9	40.8	1.71	TechRep_6	YFP
YFP_47	94.8	30.9	2.21	TechRep_6	YFP
YFP_46	95.6	32.5	1.93	TechRep_6	YFP
YFP_48	85.2	28.3	1.85	TechRep_6	YFP
YFP_49	85.7	12.1	1.92	TechRep_6	YFP
YFP_50	88.8	30.1	1.62	TechRep_6	YFP
YFP_51	85.6	38.9	1.83	TechRep_6	YFP
YFP_52	92.4	0	n/a	TechRep_6	YFP
YFP_53	94.8	26.7	1.53	TechRep_6	YFP
YFP_54	72.1	0.01	1.39	TechRep_6	YFP
YFP_55	98.7	0	n/a	TechRep_6	YFP
YFP_56	93	37.7	1.39	TechRep_6	YFP
YFP_57	93.5	30.9	1.37	TechRep_6	YFP
YFP_58	97.1	50.6	1.73	TechRep_6	YFP
YFP_59	94.9	32.1	1.42	TechRep_6	YFP
YFP_60	91.9	44.4	2.07	TechRep_6	YFP
YFP_61	97.9	66.2	2.43	TechRep_6	YFP
YFP_62	94.3	60.6	1.75	TechRep_6	YFP
YFP_63	96.4	30.7	1.46	TechRep_6	YFP
YFP_64	85.1	43.2	1.77	TechRep_6	YFP
YFP_65	98.9	73.8	3.2	TechRep_6	YFP
YFP_66	96.4	61.9	2.6	TechRep_6	YFP
YFP_67	0.22	1.39	0.36	TechRep_6	YFP
YFP_68	81.2	0.029	0.49	TechRep_6	YFP
YFP_69	97.1	56.4	1.64	TechRep_6	YFP
YFP_70	97.5	43.3	1.91	TechRep_6	YFP
YFP_71	94.7	63.4	2.41	TechRep_6	YFP
YFP_72	98.8	62.5	2.58	TechRep_6	YFP
